{"cameraMode":{"drawMode":0,"name":"Shaded","section":"Shading Mode"},"sceneLighting":true,"audioPlay":false,"sceneViewState":{"m_AlwaysRefresh":false,"showFog":true,"showSkybox":true,"showFlares":true,"showImageEffects":true,"showParticleSystems":true,"showVisualEffectGraphs":true,"m_FxEnabled":true},"in2DMode":false,"pivot":{"x":4.05400276184082,"y":-1.2091513872146607,"z":-8.653221130371094},"rotation":{"x":0.25815895199775698,"y":0.033604059368371966,"z":-0.008760574273765087,"w":0.9653207659721375},"size":2.613192558288574,"orthographic":false}