{"cameraMode":{"drawMode":0,"name":"Shaded","section":"Shading Mode"},"sceneLighting":true,"audioPlay":false,"sceneViewState":{"m_AlwaysRefresh":false,"showFog":true,"showSkybox":true,"showFlares":true,"showImageEffects":true,"showParticleSystems":true,"showVisualEffectGraphs":true,"m_FxEnabled":true},"in2DMode":false,"pivot":{"x":3.6499462127685549,"y":0.3909788131713867,"z":-10.374181747436524},"rotation":{"x":0.22204099595546723,"y":-0.4696429669857025,"z":0.12334728240966797,"w":0.8455536365509033},"size":3.174806833267212,"orthographic":false}